customer_id,total_orders,total_spend,avg_order_value,cluster,segment
1,5,2025,405.0,1,Rare Buyers
2,6,3570,595.0,0,Occasional Buyers
3,6,2765,460.83,0,Occasional Buyers
4,6,4744,790.67,0,Occasional Buyers
5,8,6695,836.88,2,High Spenders
6,7,3296,470.86,0,Occasional Buyers
7,9,7720,857.78,2,High Spenders
8,5,2700,540.0,1,Rare Buyers
9,5,4300,860.0,0,Occasional Buyers
10,9,6130,681.11,2,High Spenders
11,8,3671,458.88,0,Occasional Buyers
12,4,3594,898.5,3,Frequent Buyers
13,3,1890,630.0,1,Rare Buyers
14,2,1150,575.0,1,Rare Buyers
15,4,1210,302.5,1,Rare Buyers
17,5,4185,837.0,0,Occasional Buyers
18,5,3893,778.6,0,Occasional Buyers
19,9,7821,869.0,2,High Spenders
20,3,1500,500.0,1,Rare Buyers
21,3,1540,513.33,1,Rare Buyers
22,6,4580,763.33,0,Occasional Buyers
23,4,2140,535.0,1,Rare Buyers
24,7,5255,750.71,0,Occasional Buyers
25,5,4036,807.2,0,Occasional Buyers
26,9,6102,678.0,2,High Spenders
27,3,1055,351.67,1,Rare Buyers
28,5,3591,718.2,0,Occasional Buyers
29,3,2153,717.67,1,Rare Buyers
30,5,2095,419.0,1,Rare Buyers
31,3,790,263.33,1,Rare Buyers
32,9,4411,490.11,0,Occasional Buyers
33,9,6851,761.22,2,High Spenders
34,3,3545,1181.67,3,Frequent Buyers
35,5,5700,1140.0,3,Frequent Buyers
36,8,5479,684.88,2,High Spenders
37,8,10096,1262.0,2,High Spenders
38,6,5715,952.5,3,Frequent Buyers
39,6,3175,529.17,0,Occasional Buyers
40,2,3050,1525.0,3,Frequent Buyers
41,5,3225,645.0,0,Occasional Buyers
42,5,4834,966.8,3,Frequent Buyers
43,5,6505,1301.0,3,Frequent Buyers
44,7,5072,724.57,0,Occasional Buyers
45,6,5115,852.5,0,Occasional Buyers
46,4,3517,879.25,3,Frequent Buyers
47,9,7194,799.33,2,High Spenders
48,4,2115,528.75,1,Rare Buyers
49,5,3310,662.0,0,Occasional Buyers
50,8,9288,1161.0,2,High Spenders
51,3,3710,1236.67,3,Frequent Buyers
52,7,3508,501.14,0,Occasional Buyers
53,13,4972,382.46,2,High Spenders
54,8,7410,926.25,2,High Spenders
55,9,6323,702.56,2,High Spenders
56,7,4953,707.57,0,Occasional Buyers
57,8,6156,769.5,2,High Spenders
58,7,3485,497.86,0,Occasional Buyers
59,1,315,315.0,1,Rare Buyers
60,6,3415,569.17,0,Occasional Buyers
61,8,5439,679.88,0,Occasional Buyers
62,5,2631,526.2,1,Rare Buyers
63,5,2836,567.2,0,Occasional Buyers
64,7,1567,223.86,1,Rare Buyers
65,7,6234,890.57,2,High Spenders
66,3,2879,959.67,3,Frequent Buyers
67,7,5753,821.86,2,High Spenders
68,7,4920,702.86,0,Occasional Buyers
69,6,5468,911.33,0,Occasional Buyers
70,5,3290,658.0,0,Occasional Buyers
71,7,6255,893.57,2,High Spenders
72,3,1188,396.0,1,Rare Buyers
73,6,3444,574.0,0,Occasional Buyers
74,5,2610,522.0,1,Rare Buyers
75,3,1540,513.33,1,Rare Buyers
76,8,6706,838.25,2,High Spenders
77,5,8560,1712.0,3,Frequent Buyers
78,6,3275,545.83,0,Occasional Buyers
79,6,6359,1059.83,3,Frequent Buyers
80,8,4478,559.75,0,Occasional Buyers
81,3,1835,611.67,1,Rare Buyers
82,5,3305,661.0,0,Occasional Buyers
83,7,8535,1219.29,2,High Spenders
84,8,6630,828.75,2,High Spenders
85,5,2118,423.6,1,Rare Buyers
86,4,3570,892.5,3,Frequent Buyers
87,4,2145,536.25,1,Rare Buyers
88,8,7091,886.38,2,High Spenders
89,6,5126,854.33,0,Occasional Buyers
90,5,4522,904.4,3,Frequent Buyers
91,3,2229,743.0,1,Rare Buyers
92,6,5155,859.17,0,Occasional Buyers
93,2,1385,692.5,1,Rare Buyers
94,2,435,217.5,1,Rare Buyers
95,9,4974,552.67,0,Occasional Buyers
96,4,4389,1097.25,3,Frequent Buyers
97,5,2979,595.8,0,Occasional Buyers
98,2,964,482.0,1,Rare Buyers
99,7,3290,470.0,0,Occasional Buyers
100,7,4889,698.43,0,Occasional Buyers
101,5,2352,470.4,1,Rare Buyers
102,6,3944,657.33,0,Occasional Buyers
103,10,6045,604.5,2,High Spenders
104,7,6150,878.57,2,High Spenders
105,7,4839,691.29,0,Occasional Buyers
106,9,6005,667.22,2,High Spenders
107,5,3015,603.0,0,Occasional Buyers
108,7,3168,452.57,0,Occasional Buyers
109,5,4073,814.6,0,Occasional Buyers
110,8,6000,750.0,2,High Spenders
111,3,2810,936.67,3,Frequent Buyers
112,7,5260,751.43,0,Occasional Buyers
113,6,2970,495.0,0,Occasional Buyers
114,7,5166,738.0,0,Occasional Buyers
115,9,6418,713.11,2,High Spenders
116,5,3580,716.0,0,Occasional Buyers
117,5,3140,628.0,0,Occasional Buyers
118,5,5335,1067.0,3,Frequent Buyers
119,6,4654,775.67,0,Occasional Buyers
120,3,2860,953.33,3,Frequent Buyers
121,5,5395,1079.0,3,Frequent Buyers
122,5,2799,559.8,1,Rare Buyers
123,3,1964,654.67,1,Rare Buyers
124,9,6318,702.0,2,High Spenders
125,3,4080,1360.0,3,Frequent Buyers
126,6,5930,988.33,3,Frequent Buyers
127,5,1375,275.0,1,Rare Buyers
128,8,3941,492.62,0,Occasional Buyers
129,4,2363,590.75,1,Rare Buyers
130,5,4375,875.0,0,Occasional Buyers
131,4,4440,1110.0,3,Frequent Buyers
132,8,6164,770.5,2,High Spenders
133,6,3995,665.83,0,Occasional Buyers
134,7,8588,1226.86,2,High Spenders
135,2,1165,582.5,1,Rare Buyers
136,9,4420,491.11,0,Occasional Buyers
137,6,5904,984.0,3,Frequent Buyers
138,5,3754,750.8,0,Occasional Buyers
139,7,6396,913.71,2,High Spenders
140,3,2460,820.0,1,Rare Buyers
141,6,3140,523.33,0,Occasional Buyers
142,4,3808,952.0,3,Frequent Buyers
143,5,3155,631.0,0,Occasional Buyers
144,9,7435,826.11,2,High Spenders
145,3,2133,711.0,1,Rare Buyers
146,1,1713,1713.0,3,Frequent Buyers
147,5,2219,443.8,1,Rare Buyers
148,7,6899,985.57,2,High Spenders
149,8,6894,861.75,2,High Spenders
150,3,2510,836.67,1,Rare Buyers
151,4,4485,1121.25,3,Frequent Buyers
152,9,8060,895.56,2,High Spenders
153,9,6160,684.44,2,High Spenders
154,4,1545,386.25,1,Rare Buyers
155,10,6837,683.7,2,High Spenders
156,11,9969,906.27,2,High Spenders
157,6,8613,1435.5,3,Frequent Buyers
158,8,2605,325.62,0,Occasional Buyers
159,3,1888,629.33,1,Rare Buyers
160,7,4544,649.14,0,Occasional Buyers
161,6,6725,1120.83,3,Frequent Buyers
162,10,7020,702.0,2,High Spenders
163,7,2415,345.0,0,Occasional Buyers
164,4,1965,491.25,1,Rare Buyers
165,9,6894,766.0,2,High Spenders
166,3,3265,1088.33,3,Frequent Buyers
167,6,2372,395.33,1,Rare Buyers
168,7,7173,1024.71,2,High Spenders
169,8,7704,963.0,2,High Spenders
170,8,4710,588.75,0,Occasional Buyers
171,6,4933,822.17,0,Occasional Buyers
172,3,1215,405.0,1,Rare Buyers
173,3,2230,743.33,1,Rare Buyers
174,4,580,145.0,1,Rare Buyers
175,6,5244,874.0,0,Occasional Buyers
176,5,3810,762.0,0,Occasional Buyers
177,5,5015,1003.0,3,Frequent Buyers
178,7,4415,630.71,0,Occasional Buyers
179,3,5430,1810.0,3,Frequent Buyers
180,6,3000,500.0,0,Occasional Buyers
181,5,5395,1079.0,3,Frequent Buyers
182,6,4204,700.67,0,Occasional Buyers
183,1,565,565.0,1,Rare Buyers
184,5,2163,432.6,1,Rare Buyers
185,7,6756,965.14,2,High Spenders
186,5,4132,826.4,0,Occasional Buyers
187,5,3615,723.0,0,Occasional Buyers
188,5,4195,839.0,0,Occasional Buyers
189,6,5059,843.17,0,Occasional Buyers
190,10,6371,637.1,2,High Spenders
191,7,4819,688.43,0,Occasional Buyers
192,5,6323,1264.6,3,Frequent Buyers
193,10,6709,670.9,2,High Spenders
194,4,1360,340.0,1,Rare Buyers
195,8,8324,1040.5,2,High Spenders
196,6,4820,803.33,0,Occasional Buyers
197,9,6837,759.67,2,High Spenders
198,5,2405,481.0,1,Rare Buyers
199,5,2965,593.0,0,Occasional Buyers
200,6,3650,608.33,0,Occasional Buyers
201,11,7865,715.0,2,High Spenders
202,9,9010,1001.11,2,High Spenders
203,7,6829,975.57,2,High Spenders
204,6,5760,960.0,3,Frequent Buyers
205,3,1409,469.67,1,Rare Buyers
206,8,5609,701.12,2,High Spenders
207,3,1536,512.0,1,Rare Buyers
208,10,6803,680.3,2,High Spenders
209,7,4779,682.71,0,Occasional Buyers
210,9,8023,891.44,2,High Spenders
211,7,7219,1031.29,2,High Spenders
212,5,2170,434.0,1,Rare Buyers
213,6,5190,865.0,0,Occasional Buyers
214,6,2950,491.67,0,Occasional Buyers
215,9,7013,779.22,2,High Spenders
216,2,550,275.0,1,Rare Buyers
217,2,2180,1090.0,3,Frequent Buyers
218,5,5700,1140.0,3,Frequent Buyers
219,8,6600,825.0,2,High Spenders
220,8,4755,594.38,0,Occasional Buyers
221,5,2525,505.0,1,Rare Buyers
222,7,3591,513.0,0,Occasional Buyers
223,6,4918,819.67,0,Occasional Buyers
224,4,2574,643.5,1,Rare Buyers
225,4,2345,586.25,1,Rare Buyers
226,7,4900,700.0,0,Occasional Buyers
227,5,1648,329.6,1,Rare Buyers
228,6,1914,319.0,1,Rare Buyers
229,5,3090,618.0,0,Occasional Buyers
230,8,5890,736.25,2,High Spenders
231,6,6964,1160.67,3,Frequent Buyers
232,6,6442,1073.67,3,Frequent Buyers
233,8,7561,945.12,2,High Spenders
234,7,6135,876.43,2,High Spenders
235,2,1604,802.0,1,Rare Buyers
236,4,3071,767.75,0,Occasional Buyers
237,6,3518,586.33,0,Occasional Buyers
238,4,3270,817.5,0,Occasional Buyers
239,5,4171,834.2,0,Occasional Buyers
240,3,1060,353.33,1,Rare Buyers
241,8,5798,724.75,2,High Spenders
242,7,6792,970.29,2,High Spenders
243,7,3611,515.86,0,Occasional Buyers
244,6,3072,512.0,0,Occasional Buyers
245,10,7891,789.1,2,High Spenders
246,7,6579,939.86,2,High Spenders
247,5,2236,447.2,1,Rare Buyers
248,7,6150,878.57,2,High Spenders
249,5,2979,595.8,0,Occasional Buyers
250,5,1885,377.0,1,Rare Buyers
251,7,2736,390.86,0,Occasional Buyers
252,7,4838,691.14,0,Occasional Buyers
253,4,4021,1005.25,3,Frequent Buyers
254,4,3305,826.25,0,Occasional Buyers
255,5,3796,759.2,0,Occasional Buyers
256,9,5037,559.67,0,Occasional Buyers
257,4,1790,447.5,1,Rare Buyers
258,7,2624,374.86,0,Occasional Buyers
259,5,1846,369.2,1,Rare Buyers
260,6,4035,672.5,0,Occasional Buyers
261,5,3073,614.6,0,Occasional Buyers
262,9,6972,774.67,2,High Spenders
263,3,2405,801.67,1,Rare Buyers
264,2,1993,996.5,3,Frequent Buyers
265,7,5785,826.43,2,High Spenders
266,4,2800,700.0,1,Rare Buyers
267,8,4485,560.62,0,Occasional Buyers
268,11,10995,999.55,2,High Spenders
269,4,4084,1021.0,3,Frequent Buyers
270,1,530,530.0,1,Rare Buyers
271,4,2120,530.0,1,Rare Buyers
272,6,4385,730.83,0,Occasional Buyers
273,5,2636,527.2,1,Rare Buyers
274,6,4925,820.83,0,Occasional Buyers
275,3,2470,823.33,1,Rare Buyers
276,13,7291,560.85,2,High Spenders
277,4,3320,830.0,0,Occasional Buyers
278,5,3330,666.0,0,Occasional Buyers
279,4,3600,900.0,3,Frequent Buyers
280,7,4450,635.71,0,Occasional Buyers
281,3,3145,1048.33,3,Frequent Buyers
282,4,4700,1175.0,3,Frequent Buyers
283,2,630,315.0,1,Rare Buyers
284,6,3319,553.17,0,Occasional Buyers
285,4,4810,1202.5,3,Frequent Buyers
286,6,3690,615.0,0,Occasional Buyers
287,3,1755,585.0,1,Rare Buyers
288,3,2290,763.33,1,Rare Buyers
289,12,8975,747.92,2,High Spenders
290,5,3010,602.0,0,Occasional Buyers
292,5,5366,1073.2,3,Frequent Buyers
293,7,4030,575.71,0,Occasional Buyers
294,2,910,455.0,1,Rare Buyers
295,8,5091,636.38,0,Occasional Buyers
296,5,3670,734.0,0,Occasional Buyers
297,2,640,320.0,1,Rare Buyers
298,6,5944,990.67,3,Frequent Buyers
299,4,4610,1152.5,3,Frequent Buyers
300,3,2690,896.67,3,Frequent Buyers
301,2,621,310.5,1,Rare Buyers
302,4,1825,456.25,1,Rare Buyers
303,4,1185,296.25,1,Rare Buyers
304,3,1040,346.67,1,Rare Buyers
305,7,3360,480.0,0,Occasional Buyers
306,5,3567,713.4,0,Occasional Buyers
307,8,5561,695.12,2,High Spenders
308,2,1318,659.0,1,Rare Buyers
309,6,2909,484.83,0,Occasional Buyers
310,4,3233,808.25,0,Occasional Buyers
311,2,712,356.0,1,Rare Buyers
312,7,4730,675.71,0,Occasional Buyers
313,3,1360,453.33,1,Rare Buyers
314,5,3334,666.8,0,Occasional Buyers
315,8,6715,839.38,2,High Spenders
316,5,4350,870.0,0,Occasional Buyers
317,3,2240,746.67,1,Rare Buyers
318,11,8880,807.27,2,High Spenders
319,8,4900,612.5,0,Occasional Buyers
320,9,5423,602.56,2,High Spenders
321,3,2148,716.0,1,Rare Buyers
322,4,1624,406.0,1,Rare Buyers
323,6,4920,820.0,0,Occasional Buyers
324,4,2755,688.75,1,Rare Buyers
325,4,2220,555.0,1,Rare Buyers
326,8,6125,765.62,2,High Spenders
327,4,950,237.5,1,Rare Buyers
328,7,6824,974.86,2,High Spenders
329,5,4460,892.0,3,Frequent Buyers
330,5,4449,889.8,3,Frequent Buyers
331,4,2425,606.25,1,Rare Buyers
332,9,6285,698.33,2,High Spenders
333,7,5424,774.86,0,Occasional Buyers
334,6,3015,502.5,0,Occasional Buyers
335,5,2439,487.8,1,Rare Buyers
336,8,6825,853.12,2,High Spenders
337,7,7396,1056.57,2,High Spenders
338,10,8641,864.1,2,High Spenders
339,4,2956,739.0,1,Rare Buyers
340,3,1490,496.67,1,Rare Buyers
341,5,5331,1066.2,3,Frequent Buyers
343,8,4809,601.12,0,Occasional Buyers
344,5,3899,779.8,0,Occasional Buyers
345,5,1674,334.8,1,Rare Buyers
346,4,3693,923.25,3,Frequent Buyers
347,5,2601,520.2,1,Rare Buyers
348,6,6139,1023.17,3,Frequent Buyers
349,4,2705,676.25,1,Rare Buyers
350,7,4940,705.71,0,Occasional Buyers
351,2,715,357.5,1,Rare Buyers
352,1,680,680.0,1,Rare Buyers
353,5,4080,816.0,0,Occasional Buyers
354,3,3245,1081.67,3,Frequent Buyers
355,3,3256,1085.33,3,Frequent Buyers
356,5,3445,689.0,0,Occasional Buyers
357,8,6248,781.0,2,High Spenders
358,3,3340,1113.33,3,Frequent Buyers
359,3,3958,1319.33,3,Frequent Buyers
360,6,3031,505.17,0,Occasional Buyers
361,4,2250,562.5,1,Rare Buyers
362,6,2173,362.17,1,Rare Buyers
363,1,1535,1535.0,3,Frequent Buyers
364,10,11533,1153.3,2,High Spenders
365,7,4301,614.43,0,Occasional Buyers
366,7,3034,433.43,0,Occasional Buyers
367,5,4766,953.2,3,Frequent Buyers
368,11,10515,955.91,2,High Spenders
369,1,190,190.0,1,Rare Buyers
370,1,125,125.0,1,Rare Buyers
371,5,2206,441.2,1,Rare Buyers
372,3,1725,575.0,1,Rare Buyers
373,2,940,470.0,1,Rare Buyers
374,4,2656,664.0,1,Rare Buyers
375,4,4220,1055.0,3,Frequent Buyers
376,9,6211,690.11,2,High Spenders
377,7,5843,834.71,2,High Spenders
378,2,219,109.5,1,Rare Buyers
379,9,5193,577.0,2,High Spenders
380,8,6423,802.88,2,High Spenders
381,10,8975,897.5,2,High Spenders
382,3,2010,670.0,1,Rare Buyers
383,6,2919,486.5,0,Occasional Buyers
384,8,5651,706.38,2,High Spenders
385,4,2000,500.0,1,Rare Buyers
386,5,3766,753.2,0,Occasional Buyers
387,5,4243,848.6,0,Occasional Buyers
388,7,4162,594.57,0,Occasional Buyers
389,7,3531,504.43,0,Occasional Buyers
390,4,2221,555.25,1,Rare Buyers
391,4,2105,526.25,1,Rare Buyers
392,5,1606,321.2,1,Rare Buyers
393,4,2178,544.5,1,Rare Buyers
394,7,4900,700.0,0,Occasional Buyers
395,10,9390,939.0,2,High Spenders
396,4,3800,950.0,3,Frequent Buyers
397,4,2525,631.25,1,Rare Buyers
398,11,8885,807.73,2,High Spenders
399,4,2420,605.0,1,Rare Buyers
400,8,4340,542.5,0,Occasional Buyers
401,9,7787,865.22,2,High Spenders
402,6,3308,551.33,0,Occasional Buyers
403,4,6940,1735.0,3,Frequent Buyers
404,6,5184,864.0,0,Occasional Buyers
405,8,5015,626.88,0,Occasional Buyers
406,5,4075,815.0,0,Occasional Buyers
407,9,7354,817.11,2,High Spenders
408,7,5845,835.0,2,High Spenders
409,6,4375,729.17,0,Occasional Buyers
410,6,3878,646.33,0,Occasional Buyers
411,8,5689,711.12,2,High Spenders
412,4,2495,623.75,1,Rare Buyers
413,4,3618,904.5,3,Frequent Buyers
414,5,3765,753.0,0,Occasional Buyers
415,5,4168,833.6,0,Occasional Buyers
416,7,4684,669.14,0,Occasional Buyers
417,8,5920,740.0,2,High Spenders
418,5,4566,913.2,3,Frequent Buyers
419,1,600,600.0,1,Rare Buyers
420,3,1350,450.0,1,Rare Buyers
421,4,6374,1593.5,3,Frequent Buyers
422,7,5308,758.29,0,Occasional Buyers
423,9,6321,702.33,2,High Spenders
424,6,2616,436.0,0,Occasional Buyers
425,7,4180,597.14,0,Occasional Buyers
426,6,5295,882.5,0,Occasional Buyers
427,7,5445,777.86,0,Occasional Buyers
428,6,2685,447.5,0,Occasional Buyers
429,6,2410,401.67,1,Rare Buyers
430,5,3419,683.8,0,Occasional Buyers
431,1,868,868.0,1,Rare Buyers
432,5,3290,658.0,0,Occasional Buyers
433,8,6082,760.25,2,High Spenders
434,2,1170,585.0,1,Rare Buyers
435,4,3894,973.5,3,Frequent Buyers
436,4,2826,706.5,1,Rare Buyers
437,5,3460,692.0,0,Occasional Buyers
438,10,6188,618.8,2,High Spenders
439,6,5001,833.5,0,Occasional Buyers
440,5,5849,1169.8,3,Frequent Buyers
441,6,7144,1190.67,3,Frequent Buyers
442,4,3495,873.75,3,Frequent Buyers
443,4,5099,1274.75,3,Frequent Buyers
444,6,7283,1213.83,3,Frequent Buyers
445,7,5612,801.71,0,Occasional Buyers
446,8,3470,433.75,0,Occasional Buyers
447,11,9536,866.91,2,High Spenders
448,8,7406,925.75,2,High Spenders
449,10,10386,1038.6,2,High Spenders
450,8,6135,766.88,2,High Spenders
451,3,4314,1438.0,3,Frequent Buyers
452,9,6578,730.89,2,High Spenders
453,9,3535,392.78,0,Occasional Buyers
454,4,3996,999.0,3,Frequent Buyers
455,6,6080,1013.33,3,Frequent Buyers
456,7,4047,578.14,0,Occasional Buyers
457,9,7410,823.33,2,High Spenders
458,2,365,182.5,1,Rare Buyers
459,5,5245,1049.0,3,Frequent Buyers
460,7,5894,842.0,2,High Spenders
461,7,4780,682.86,0,Occasional Buyers
462,8,4940,617.5,0,Occasional Buyers
463,1,530,530.0,1,Rare Buyers
464,3,3138,1046.0,3,Frequent Buyers
465,9,4975,552.78,0,Occasional Buyers
466,8,5775,721.88,2,High Spenders
467,6,3963,660.5,0,Occasional Buyers
468,8,7788,973.5,2,High Spenders
469,3,3680,1226.67,3,Frequent Buyers
470,6,5716,952.67,3,Frequent Buyers
471,7,6470,924.29,2,High Spenders
472,7,5833,833.29,2,High Spenders
473,4,2008,502.0,1,Rare Buyers
474,6,3665,610.83,0,Occasional Buyers
475,3,1070,356.67,1,Rare Buyers
476,4,1105,276.25,1,Rare Buyers
477,4,720,180.0,1,Rare Buyers
478,7,4406,629.43,0,Occasional Buyers
479,6,2760,460.0,0,Occasional Buyers
480,5,2703,540.6,1,Rare Buyers
481,5,3030,606.0,0,Occasional Buyers
482,2,700,350.0,1,Rare Buyers
483,3,624,208.0,1,Rare Buyers
484,3,1129,376.33,1,Rare Buyers
485,3,2125,708.33,1,Rare Buyers
486,6,4385,730.83,0,Occasional Buyers
487,4,5895,1473.75,3,Frequent Buyers
488,8,6028,753.5,2,High Spenders
489,5,6745,1349.0,3,Frequent Buyers
490,7,2715,387.86,0,Occasional Buyers
491,4,6840,1710.0,3,Frequent Buyers
492,3,750,250.0,1,Rare Buyers
493,3,1980,660.0,1,Rare Buyers
494,11,9628,875.27,2,High Spenders
495,4,1200,300.0,1,Rare Buyers
496,6,2963,493.83,0,Occasional Buyers
497,2,2280,1140.0,3,Frequent Buyers
498,8,5717,714.62,2,High Spenders
499,4,3713,928.25,3,Frequent Buyers
500,5,2701,540.2,1,Rare Buyers
501,7,5177,739.57,0,Occasional Buyers
502,4,5299,1324.75,3,Frequent Buyers
503,6,5720,953.33,3,Frequent Buyers
504,8,6441,805.12,2,High Spenders
505,5,2534,506.8,1,Rare Buyers
506,6,4845,807.5,0,Occasional Buyers
507,6,4045,674.17,0,Occasional Buyers
508,7,4558,651.14,0,Occasional Buyers
509,11,6774,615.82,2,High Spenders
510,7,4811,687.29,0,Occasional Buyers
511,5,6453,1290.6,3,Frequent Buyers
512,3,3600,1200.0,3,Frequent Buyers
513,5,2690,538.0,1,Rare Buyers
514,4,5200,1300.0,3,Frequent Buyers
515,5,3890,778.0,0,Occasional Buyers
516,7,4192,598.86,0,Occasional Buyers
517,8,5354,669.25,0,Occasional Buyers
518,4,2873,718.25,1,Rare Buyers
519,4,1793,448.25,1,Rare Buyers
520,2,945,472.5,1,Rare Buyers
521,5,5040,1008.0,3,Frequent Buyers
522,5,4895,979.0,3,Frequent Buyers
523,5,3606,721.2,0,Occasional Buyers
524,3,3950,1316.67,3,Frequent Buyers
525,8,5701,712.62,2,High Spenders
526,3,1226,408.67,1,Rare Buyers
527,6,2673,445.5,0,Occasional Buyers
528,4,2583,645.75,1,Rare Buyers
529,8,3440,430.0,0,Occasional Buyers
530,6,3366,561.0,0,Occasional Buyers
531,3,3760,1253.33,3,Frequent Buyers
532,1,1065,1065.0,3,Frequent Buyers
533,8,6861,857.62,2,High Spenders
534,8,5078,634.75,0,Occasional Buyers
535,8,7014,876.75,2,High Spenders
536,5,2455,491.0,1,Rare Buyers
537,5,1890,378.0,1,Rare Buyers
538,9,7563,840.33,2,High Spenders
539,8,6066,758.25,2,High Spenders
540,7,5395,770.71,0,Occasional Buyers
541,6,6510,1085.0,3,Frequent Buyers
542,4,4635,1158.75,3,Frequent Buyers
543,12,5275,439.58,2,High Spenders
544,9,8073,897.0,2,High Spenders
545,4,4125,1031.25,3,Frequent Buyers
546,2,631,315.5,1,Rare Buyers
547,3,1670,556.67,1,Rare Buyers
548,7,4751,678.71,0,Occasional Buyers
549,3,1035,345.0,1,Rare Buyers
550,5,4108,821.6,0,Occasional Buyers
551,5,4139,827.8,0,Occasional Buyers
552,6,4445,740.83,0,Occasional Buyers
553,5,2469,493.8,1,Rare Buyers
554,3,1615,538.33,1,Rare Buyers
555,5,1780,356.0,1,Rare Buyers
556,10,8845,884.5,2,High Spenders
557,3,3235,1078.33,3,Frequent Buyers
558,8,4748,593.5,0,Occasional Buyers
559,7,2840,405.71,0,Occasional Buyers
560,8,5321,665.12,0,Occasional Buyers
561,7,2792,398.86,0,Occasional Buyers
562,5,2879,575.8,0,Occasional Buyers
563,4,2465,616.25,1,Rare Buyers
564,4,1894,473.5,1,Rare Buyers
565,2,2895,1447.5,3,Frequent Buyers
566,7,7738,1105.43,2,High Spenders
567,3,1343,447.67,1,Rare Buyers
568,5,4037,807.4,0,Occasional Buyers
569,7,8386,1198.0,2,High Spenders
570,8,4510,563.75,0,Occasional Buyers
571,3,2248,749.33,1,Rare Buyers
572,4,3035,758.75,1,Rare Buyers
573,6,4589,764.83,0,Occasional Buyers
574,6,3608,601.33,0,Occasional Buyers
575,10,6013,601.3,2,High Spenders
576,9,6279,697.67,2,High Spenders
577,2,665,332.5,1,Rare Buyers
578,2,1710,855.0,1,Rare Buyers
579,3,1620,540.0,1,Rare Buyers
580,4,4020,1005.0,3,Frequent Buyers
581,4,5596,1399.0,3,Frequent Buyers
582,4,3080,770.0,0,Occasional Buyers
583,4,4955,1238.75,3,Frequent Buyers
584,5,4105,821.0,0,Occasional Buyers
585,4,3210,802.5,0,Occasional Buyers
586,4,3200,800.0,0,Occasional Buyers
587,4,4535,1133.75,3,Frequent Buyers
588,6,4669,778.17,0,Occasional Buyers
589,4,2409,602.25,1,Rare Buyers
590,5,3820,764.0,0,Occasional Buyers
591,3,2645,881.67,3,Frequent Buyers
592,9,5395,599.44,2,High Spenders
593,10,5638,563.8,2,High Spenders
594,2,1920,960.0,3,Frequent Buyers
595,6,4706,784.33,0,Occasional Buyers
596,1,945,945.0,1,Rare Buyers
597,7,4965,709.29,0,Occasional Buyers
598,2,1590,795.0,1,Rare Buyers
599,10,5333,533.3,2,High Spenders
600,7,5147,735.29,0,Occasional Buyers
601,4,1010,252.5,1,Rare Buyers
602,4,3789,947.25,3,Frequent Buyers
603,6,3629,604.83,0,Occasional Buyers
604,6,4055,675.83,0,Occasional Buyers
605,8,4635,579.38,0,Occasional Buyers
606,6,3754,625.67,0,Occasional Buyers
607,3,3490,1163.33,3,Frequent Buyers
608,5,5386,1077.2,3,Frequent Buyers
609,5,6350,1270.0,3,Frequent Buyers
610,4,2078,519.5,1,Rare Buyers
611,10,4506,450.6,0,Occasional Buyers
612,10,9112,911.2,2,High Spenders
613,2,2555,1277.5,3,Frequent Buyers
614,4,2477,619.25,1,Rare Buyers
615,3,2001,667.0,1,Rare Buyers
616,5,2615,523.0,1,Rare Buyers
617,5,6525,1305.0,3,Frequent Buyers
618,6,2959,493.17,0,Occasional Buyers
619,2,930,465.0,1,Rare Buyers
620,7,5990,855.71,2,High Spenders
621,12,9455,787.92,2,High Spenders
622,4,4143,1035.75,3,Frequent Buyers
623,6,5605,934.17,3,Frequent Buyers
624,12,9493,791.08,2,High Spenders
625,4,4524,1131.0,3,Frequent Buyers
626,8,7131,891.38,2,High Spenders
627,7,3031,433.0,0,Occasional Buyers
628,4,2820,705.0,1,Rare Buyers
629,9,5194,577.11,2,High Spenders
630,6,3546,591.0,0,Occasional Buyers
631,9,6190,687.78,2,High Spenders
632,5,3185,637.0,0,Occasional Buyers
633,6,3030,505.0,0,Occasional Buyers
634,7,5615,802.14,0,Occasional Buyers
635,10,9792,979.2,2,High Spenders
636,6,4458,743.0,0,Occasional Buyers
637,7,3835,547.86,0,Occasional Buyers
638,2,2495,1247.5,3,Frequent Buyers
639,9,4929,547.67,0,Occasional Buyers
640,6,4747,791.17,0,Occasional Buyers
641,4,2505,626.25,1,Rare Buyers
642,8,4838,604.75,0,Occasional Buyers
643,2,670,335.0,1,Rare Buyers
644,4,4490,1122.5,3,Frequent Buyers
645,7,5320,760.0,0,Occasional Buyers
646,5,3895,779.0,0,Occasional Buyers
647,2,2670,1335.0,3,Frequent Buyers
648,5,2820,564.0,1,Rare Buyers
649,4,2409,602.25,1,Rare Buyers
650,3,2020,673.33,1,Rare Buyers
651,5,7053,1410.6,3,Frequent Buyers
652,3,810,270.0,1,Rare Buyers
653,6,5430,905.0,0,Occasional Buyers
654,6,2225,370.83,1,Rare Buyers
655,5,1870,374.0,1,Rare Buyers
656,5,3530,706.0,0,Occasional Buyers
657,7,6349,907.0,2,High Spenders
658,7,6588,941.14,2,High Spenders
659,5,3660,732.0,0,Occasional Buyers
660,6,6560,1093.33,3,Frequent Buyers
661,9,10269,1141.0,2,High Spenders
662,2,1264,632.0,1,Rare Buyers
663,6,3656,609.33,0,Occasional Buyers
664,7,5162,737.43,0,Occasional Buyers
665,5,3056,611.2,0,Occasional Buyers
666,7,6759,965.57,2,High Spenders
667,6,3590,598.33,0,Occasional Buyers
668,5,3445,689.0,0,Occasional Buyers
669,6,4660,776.67,0,Occasional Buyers
670,5,2626,525.2,1,Rare Buyers
671,6,4730,788.33,0,Occasional Buyers
672,3,2010,670.0,1,Rare Buyers
673,4,2150,537.5,1,Rare Buyers
674,8,6031,753.88,2,High Spenders
675,8,5740,717.5,2,High Spenders
676,11,8975,815.91,2,High Spenders
677,7,4228,604.0,0,Occasional Buyers
678,8,6243,780.38,2,High Spenders
679,8,5514,689.25,2,High Spenders
680,10,5419,541.9,2,High Spenders
681,9,6770,752.22,2,High Spenders
682,9,8423,935.89,2,High Spenders
683,4,2115,528.75,1,Rare Buyers
684,5,2151,430.2,1,Rare Buyers
685,8,7668,958.5,2,High Spenders
686,6,2630,438.33,0,Occasional Buyers
687,4,3033,758.25,1,Rare Buyers
688,4,2165,541.25,1,Rare Buyers
689,4,1980,495.0,1,Rare Buyers
690,4,4245,1061.25,3,Frequent Buyers
691,4,2055,513.75,1,Rare Buyers
692,4,4336,1084.0,3,Frequent Buyers
693,6,3472,578.67,0,Occasional Buyers
694,3,1290,430.0,1,Rare Buyers
695,3,2705,901.67,3,Frequent Buyers
696,5,1834,366.8,1,Rare Buyers
697,7,4585,655.0,0,Occasional Buyers
698,4,4786,1196.5,3,Frequent Buyers
699,2,2890,1445.0,3,Frequent Buyers
700,3,4455,1485.0,3,Frequent Buyers
701,4,2846,711.5,1,Rare Buyers
702,1,125,125.0,1,Rare Buyers
703,5,4100,820.0,0,Occasional Buyers
704,7,5290,755.71,0,Occasional Buyers
705,5,5470,1094.0,3,Frequent Buyers
706,6,3406,567.67,0,Occasional Buyers
707,3,670,223.33,1,Rare Buyers
708,7,6848,978.29,2,High Spenders
709,5,4440,888.0,3,Frequent Buyers
710,3,1400,466.67,1,Rare Buyers
711,6,3930,655.0,0,Occasional Buyers
712,6,4065,677.5,0,Occasional Buyers
713,8,6073,759.12,2,High Spenders
714,9,5915,657.22,2,High Spenders
715,6,2872,478.67,0,Occasional Buyers
716,7,4274,610.57,0,Occasional Buyers
717,9,5981,664.56,2,High Spenders
718,2,540,270.0,1,Rare Buyers
719,7,4845,692.14,0,Occasional Buyers
720,4,2517,629.25,1,Rare Buyers
721,6,4829,804.83,0,Occasional Buyers
722,6,5445,907.5,0,Occasional Buyers
723,9,7736,859.56,2,High Spenders
724,7,5568,795.43,0,Occasional Buyers
725,5,2754,550.8,1,Rare Buyers
726,5,2084,416.8,1,Rare Buyers
727,6,4960,826.67,0,Occasional Buyers
728,6,4260,710.0,0,Occasional Buyers
729,5,3280,656.0,0,Occasional Buyers
730,7,1560,222.86,1,Rare Buyers
731,6,5467,911.17,0,Occasional Buyers
732,3,2440,813.33,1,Rare Buyers
733,9,7480,831.11,2,High Spenders
734,6,2995,499.17,0,Occasional Buyers
735,9,5207,578.56,2,High Spenders
736,3,3020,1006.67,3,Frequent Buyers
737,8,5835,729.38,2,High Spenders
738,3,1560,520.0,1,Rare Buyers
739,5,3351,670.2,0,Occasional Buyers
740,3,1010,336.67,1,Rare Buyers
741,5,5093,1018.6,3,Frequent Buyers
742,1,270,270.0,1,Rare Buyers
743,8,6030,753.75,2,High Spenders
744,3,1075,358.33,1,Rare Buyers
745,7,3665,523.57,0,Occasional Buyers
746,7,6606,943.71,2,High Spenders
747,6,5080,846.67,0,Occasional Buyers
748,4,4444,1111.0,3,Frequent Buyers
749,1,950,950.0,1,Rare Buyers
750,2,730,365.0,1,Rare Buyers
751,8,4475,559.38,0,Occasional Buyers
752,2,1445,722.5,1,Rare Buyers
753,8,4210,526.25,0,Occasional Buyers
754,8,6689,836.12,2,High Spenders
755,10,6094,609.4,2,High Spenders
756,8,2966,370.75,0,Occasional Buyers
757,5,3654,730.8,0,Occasional Buyers
758,2,520,260.0,1,Rare Buyers
759,6,2625,437.5,0,Occasional Buyers
760,4,2888,722.0,1,Rare Buyers
761,5,5968,1193.6,3,Frequent Buyers
762,4,4630,1157.5,3,Frequent Buyers
763,6,3839,639.83,0,Occasional Buyers
764,7,5668,809.71,0,Occasional Buyers
765,8,4001,500.12,0,Occasional Buyers
766,7,6510,930.0,2,High Spenders
767,12,8916,743.0,2,High Spenders
768,6,3719,619.83,0,Occasional Buyers
769,8,2645,330.62,0,Occasional Buyers
770,4,2155,538.75,1,Rare Buyers
771,6,2485,414.17,0,Occasional Buyers
772,8,2835,354.38,0,Occasional Buyers
773,7,6915,987.86,2,High Spenders
774,10,9298,929.8,2,High Spenders
775,5,4731,946.2,3,Frequent Buyers
776,4,2747,686.75,1,Rare Buyers
777,4,1500,375.0,1,Rare Buyers
778,5,2725,545.0,1,Rare Buyers
779,7,5495,785.0,0,Occasional Buyers
780,3,1180,393.33,1,Rare Buyers
781,6,4075,679.17,0,Occasional Buyers
782,6,3420,570.0,0,Occasional Buyers
783,8,6496,812.0,2,High Spenders
784,6,4810,801.67,0,Occasional Buyers
785,1,105,105.0,1,Rare Buyers
786,5,3820,764.0,0,Occasional Buyers
787,3,1906,635.33,1,Rare Buyers
788,5,2625,525.0,1,Rare Buyers
789,5,7525,1505.0,3,Frequent Buyers
790,5,3575,715.0,0,Occasional Buyers
791,5,3725,745.0,0,Occasional Buyers
792,5,4298,859.6,0,Occasional Buyers
793,4,1701,425.25,1,Rare Buyers
794,3,1730,576.67,1,Rare Buyers
795,7,2530,361.43,0,Occasional Buyers
796,6,6051,1008.5,3,Frequent Buyers
797,4,3970,992.5,3,Frequent Buyers
798,10,6904,690.4,2,High Spenders
799,8,5954,744.25,2,High Spenders
800,6,4580,763.33,0,Occasional Buyers
801,5,3645,729.0,0,Occasional Buyers
802,3,1096,365.33,1,Rare Buyers
803,6,3343,557.17,0,Occasional Buyers
804,4,2830,707.5,1,Rare Buyers
805,6,5526,921.0,0,Occasional Buyers
806,8,4688,586.0,0,Occasional Buyers
807,5,4030,806.0,0,Occasional Buyers
808,8,5780,722.5,2,High Spenders
809,7,4999,714.14,0,Occasional Buyers
810,5,2542,508.4,1,Rare Buyers
811,3,2106,702.0,1,Rare Buyers
812,5,2560,512.0,1,Rare Buyers
813,5,2795,559.0,1,Rare Buyers
814,5,2806,561.2,1,Rare Buyers
815,4,2135,533.75,1,Rare Buyers
816,6,5340,890.0,0,Occasional Buyers
817,3,1388,462.67,1,Rare Buyers
818,4,4369,1092.25,3,Frequent Buyers
819,4,3365,841.25,3,Frequent Buyers
820,8,8733,1091.62,2,High Spenders
821,4,7509,1877.25,3,Frequent Buyers
822,5,8418,1683.6,3,Frequent Buyers
823,6,4365,727.5,0,Occasional Buyers
824,5,4590,918.0,3,Frequent Buyers
825,4,2580,645.0,1,Rare Buyers
826,7,2963,423.29,0,Occasional Buyers
827,4,2665,666.25,1,Rare Buyers
828,3,2090,696.67,1,Rare Buyers
829,7,5095,727.86,0,Occasional Buyers
830,1,1950,1950.0,3,Frequent Buyers
831,3,1650,550.0,1,Rare Buyers
832,7,5054,722.0,0,Occasional Buyers
833,4,1390,347.5,1,Rare Buyers
834,8,6321,790.12,2,High Spenders
835,3,3075,1025.0,3,Frequent Buyers
836,2,290,145.0,1,Rare Buyers
837,6,7020,1170.0,3,Frequent Buyers
838,10,7450,745.0,2,High Spenders
839,10,5695,569.5,2,High Spenders
840,7,5345,763.57,0,Occasional Buyers
841,7,5108,729.71,0,Occasional Buyers
842,8,5536,692.0,2,High Spenders
843,5,2938,587.6,0,Occasional Buyers
844,4,1391,347.75,1,Rare Buyers
845,2,510,255.0,1,Rare Buyers
846,2,1383,691.5,1,Rare Buyers
847,5,3826,765.2,0,Occasional Buyers
848,11,9047,822.45,2,High Spenders
849,7,5251,750.14,0,Occasional Buyers
850,3,965,321.67,1,Rare Buyers
851,5,4305,861.0,0,Occasional Buyers
852,4,915,228.75,1,Rare Buyers
853,2,2218,1109.0,3,Frequent Buyers
854,5,3540,708.0,0,Occasional Buyers
855,3,2585,861.67,1,Rare Buyers
856,5,2705,541.0,1,Rare Buyers
857,5,3353,670.6,0,Occasional Buyers
858,5,3916,783.2,0,Occasional Buyers
859,5,2851,570.2,0,Occasional Buyers
861,6,3485,580.83,0,Occasional Buyers
862,6,6870,1145.0,3,Frequent Buyers
863,3,5065,1688.33,3,Frequent Buyers
864,5,4029,805.8,0,Occasional Buyers
865,11,9627,875.18,2,High Spenders
866,9,4864,540.44,0,Occasional Buyers
867,5,6459,1291.8,3,Frequent Buyers
868,7,5290,755.71,0,Occasional Buyers
869,2,1170,585.0,1,Rare Buyers
870,4,2340,585.0,1,Rare Buyers
871,3,2440,813.33,1,Rare Buyers
872,5,8011,1602.2,3,Frequent Buyers
873,7,2875,410.71,0,Occasional Buyers
874,10,7510,751.0,2,High Spenders
875,7,5605,800.71,0,Occasional Buyers
876,6,4460,743.33,0,Occasional Buyers
877,15,12475,831.67,2,High Spenders
878,6,3655,609.17,0,Occasional Buyers
879,5,3470,694.0,0,Occasional Buyers
880,8,3175,396.88,0,Occasional Buyers
881,5,4530,906.0,3,Frequent Buyers
882,3,1810,603.33,1,Rare Buyers
883,5,2385,477.0,1,Rare Buyers
884,5,2185,437.0,1,Rare Buyers
885,7,4720,674.29,0,Occasional Buyers
886,5,3915,783.0,0,Occasional Buyers
887,2,1485,742.5,1,Rare Buyers
888,8,5644,705.5,2,High Spenders
889,5,3250,650.0,0,Occasional Buyers
890,5,4758,951.6,3,Frequent Buyers
891,5,2985,597.0,0,Occasional Buyers
892,8,6491,811.38,2,High Spenders
893,6,3135,522.5,0,Occasional Buyers
894,5,2995,599.0,0,Occasional Buyers
895,7,5530,790.0,0,Occasional Buyers
896,6,4532,755.33,0,Occasional Buyers
897,3,3411,1137.0,3,Frequent Buyers
898,7,4620,660.0,0,Occasional Buyers
899,8,7673,959.12,2,High Spenders
900,4,1520,380.0,1,Rare Buyers
901,2,2605,1302.5,3,Frequent Buyers
902,10,8944,894.4,2,High Spenders
903,2,1093,546.5,1,Rare Buyers
904,1,625,625.0,1,Rare Buyers
905,8,3928,491.0,0,Occasional Buyers
906,5,2865,573.0,0,Occasional Buyers
907,1,545,545.0,1,Rare Buyers
908,6,4010,668.33,0,Occasional Buyers
909,1,490,490.0,1,Rare Buyers
910,6,4324,720.67,0,Occasional Buyers
911,8,4718,589.75,0,Occasional Buyers
912,5,3020,604.0,0,Occasional Buyers
913,3,2683,894.33,3,Frequent Buyers
914,7,2938,419.71,0,Occasional Buyers
915,5,4103,820.6,0,Occasional Buyers
916,4,4020,1005.0,3,Frequent Buyers
917,4,4925,1231.25,3,Frequent Buyers
918,6,4551,758.5,0,Occasional Buyers
919,4,2385,596.25,1,Rare Buyers
920,2,605,302.5,1,Rare Buyers
921,6,6072,1012.0,3,Frequent Buyers
922,7,5716,816.57,0,Occasional Buyers
923,4,2271,567.75,1,Rare Buyers
924,5,4090,818.0,0,Occasional Buyers
925,4,2164,541.0,1,Rare Buyers
926,5,4845,969.0,3,Frequent Buyers
927,5,4029,805.8,0,Occasional Buyers
928,6,3500,583.33,0,Occasional Buyers
929,3,560,186.67,1,Rare Buyers
930,6,6480,1080.0,3,Frequent Buyers
931,4,2855,713.75,1,Rare Buyers
932,7,6944,992.0,2,High Spenders
933,7,3560,508.57,0,Occasional Buyers
934,2,1175,587.5,1,Rare Buyers
935,5,3531,706.2,0,Occasional Buyers
936,9,8155,906.11,2,High Spenders
937,5,5665,1133.0,3,Frequent Buyers
938,4,3875,968.75,3,Frequent Buyers
939,5,3090,618.0,0,Occasional Buyers
940,6,4359,726.5,0,Occasional Buyers
941,8,5738,717.25,2,High Spenders
942,8,9505,1188.12,2,High Spenders
943,7,4292,613.14,0,Occasional Buyers
944,6,5199,866.5,0,Occasional Buyers
945,10,7905,790.5,2,High Spenders
946,8,4050,506.25,0,Occasional Buyers
947,3,1250,416.67,1,Rare Buyers
948,4,4166,1041.5,3,Frequent Buyers
949,7,3110,444.29,0,Occasional Buyers
950,13,8519,655.31,2,High Spenders
951,6,5036,839.33,0,Occasional Buyers
952,1,1245,1245.0,3,Frequent Buyers
953,6,2350,391.67,1,Rare Buyers
954,8,4744,593.0,0,Occasional Buyers
955,1,570,570.0,1,Rare Buyers
956,6,4095,682.5,0,Occasional Buyers
957,5,5460,1092.0,3,Frequent Buyers
958,11,6508,591.64,2,High Spenders
959,7,5115,730.71,0,Occasional Buyers
960,9,8166,907.33,2,High Spenders
961,7,6115,873.57,2,High Spenders
962,2,2835,1417.5,3,Frequent Buyers
963,5,4430,886.0,3,Frequent Buyers
964,8,5844,730.5,2,High Spenders
965,4,4460,1115.0,3,Frequent Buyers
966,5,4149,829.8,0,Occasional Buyers
967,4,4610,1152.5,3,Frequent Buyers
968,6,4770,795.0,0,Occasional Buyers
969,5,3479,695.8,0,Occasional Buyers
970,4,1446,361.5,1,Rare Buyers
971,6,7253,1208.83,3,Frequent Buyers
972,9,7325,813.89,2,High Spenders
973,4,2600,650.0,1,Rare Buyers
974,8,6576,822.0,2,High Spenders
975,4,1304,326.0,1,Rare Buyers
976,4,4204,1051.0,3,Frequent Buyers
977,1,876,876.0,1,Rare Buyers
978,1,780,780.0,1,Rare Buyers
979,10,4819,481.9,2,High Spenders
980,3,2764,921.33,3,Frequent Buyers
981,5,2815,563.0,1,Rare Buyers
982,6,3316,552.67,0,Occasional Buyers
983,3,2085,695.0,1,Rare Buyers
984,5,3915,783.0,0,Occasional Buyers
985,6,5015,835.83,0,Occasional Buyers
986,5,5925,1185.0,3,Frequent Buyers
987,7,2695,385.0,0,Occasional Buyers
988,6,2830,471.67,0,Occasional Buyers
989,8,5375,671.88,0,Occasional Buyers
990,6,5141,856.83,0,Occasional Buyers
991,6,3720,620.0,0,Occasional Buyers
992,12,10338,861.5,2,High Spenders
993,5,4345,869.0,0,Occasional Buyers
994,4,3116,779.0,0,Occasional Buyers
995,6,3695,615.83,0,Occasional Buyers
996,5,2026,405.2,1,Rare Buyers
997,7,5940,848.57,2,High Spenders
998,5,2858,571.6,0,Occasional Buyers
999,8,4565,570.62,0,Occasional Buyers
1000,4,3610,902.5,3,Frequent Buyers
1001,4,3903,975.75,3,Frequent Buyers
1002,10,4700,470.0,0,Occasional Buyers
1003,7,6924,989.14,2,High Spenders
1004,2,1420,710.0,1,Rare Buyers
1005,9,7734,859.33,2,High Spenders
1006,6,4435,739.17,0,Occasional Buyers
1007,7,4450,635.71,0,Occasional Buyers
1008,9,5349,594.33,2,High Spenders
1009,3,840,280.0,1,Rare Buyers
1010,5,4013,802.6,0,Occasional Buyers
1011,7,8161,1165.86,2,High Spenders
1012,10,8367,836.7,2,High Spenders
1013,1,740,740.0,1,Rare Buyers
1014,7,6314,902.0,2,High Spenders
1015,11,7637,694.27,2,High Spenders
1016,3,2515,838.33,1,Rare Buyers
1017,7,6023,860.43,2,High Spenders
1018,4,2065,516.25,1,Rare Buyers
1019,6,4983,830.5,0,Occasional Buyers
1020,6,5986,997.67,3,Frequent Buyers
1021,8,4306,538.25,0,Occasional Buyers
1022,3,705,235.0,1,Rare Buyers
1023,6,4740,790.0,0,Occasional Buyers
1024,2,2041,1020.5,3,Frequent Buyers
1025,4,4325,1081.25,3,Frequent Buyers
1026,5,2360,472.0,1,Rare Buyers
1027,6,1880,313.33,1,Rare Buyers
1028,5,2474,494.8,1,Rare Buyers
1029,4,840,210.0,1,Rare Buyers
1030,3,1846,615.33,1,Rare Buyers
1031,6,4493,748.83,0,Occasional Buyers
1032,4,2346,586.5,1,Rare Buyers
1033,5,5104,1020.8,3,Frequent Buyers
1034,8,4420,552.5,0,Occasional Buyers
1035,5,5996,1199.2,3,Frequent Buyers
1036,3,3840,1280.0,3,Frequent Buyers
1037,8,3745,468.12,0,Occasional Buyers
1038,10,5152,515.2,2,High Spenders
1039,10,6150,615.0,2,High Spenders
1040,6,4086,681.0,0,Occasional Buyers
1041,8,3610,451.25,0,Occasional Buyers
1042,7,5666,809.43,0,Occasional Buyers
1043,8,5830,728.75,2,High Spenders
1044,6,5685,947.5,3,Frequent Buyers
1045,5,2885,577.0,0,Occasional Buyers
1046,9,5350,594.44,2,High Spenders
1047,6,4106,684.33,0,Occasional Buyers
1048,3,1450,483.33,1,Rare Buyers
1050,7,6999,999.86,2,High Spenders
1051,5,5340,1068.0,3,Frequent Buyers
1052,4,1995,498.75,1,Rare Buyers
1053,7,10903,1557.57,2,High Spenders
1054,2,1980,990.0,3,Frequent Buyers
1055,8,9800,1225.0,2,High Spenders
1056,2,1358,679.0,1,Rare Buyers
1057,6,3676,612.67,0,Occasional Buyers
1058,5,2150,430.0,1,Rare Buyers
1059,5,2653,530.6,1,Rare Buyers
1060,6,1865,310.83,1,Rare Buyers
1061,8,8085,1010.62,2,High Spenders
1062,10,5426,542.6,2,High Spenders
1063,2,1300,650.0,1,Rare Buyers
1064,3,1035,345.0,1,Rare Buyers
1065,8,9156,1144.5,2,High Spenders
1066,12,8300,691.67,2,High Spenders
1067,6,4809,801.5,0,Occasional Buyers
1068,4,5264,1316.0,3,Frequent Buyers
1069,4,3570,892.5,3,Frequent Buyers
1070,3,1305,435.0,1,Rare Buyers
1071,6,4852,808.67,0,Occasional Buyers
1072,3,3369,1123.0,3,Frequent Buyers
1073,8,5284,660.5,0,Occasional Buyers
1074,2,1310,655.0,1,Rare Buyers
1075,8,6455,806.88,2,High Spenders
1076,7,5477,782.43,0,Occasional Buyers
1077,4,4137,1034.25,3,Frequent Buyers
1078,3,3490,1163.33,3,Frequent Buyers
1079,6,3525,587.5,0,Occasional Buyers
1080,4,1016,254.0,1,Rare Buyers
1081,8,5209,651.12,0,Occasional Buyers
1082,5,6370,1274.0,3,Frequent Buyers
1083,9,4193,465.89,0,Occasional Buyers
1084,10,4640,464.0,0,Occasional Buyers
1085,6,3270,545.0,0,Occasional Buyers
1086,8,4893,611.62,0,Occasional Buyers
1087,6,5439,906.5,0,Occasional Buyers
1088,3,515,171.67,1,Rare Buyers
1089,3,2016,672.0,1,Rare Buyers
1090,7,3028,432.57,0,Occasional Buyers
1091,10,7434,743.4,2,High Spenders
1092,6,2215,369.17,1,Rare Buyers
1093,3,2655,885.0,3,Frequent Buyers
1094,4,1420,355.0,1,Rare Buyers
1095,5,2884,576.8,0,Occasional Buyers
1096,7,5640,805.71,0,Occasional Buyers
1097,6,9728,1621.33,3,Frequent Buyers
1098,5,3430,686.0,0,Occasional Buyers
1099,7,5163,737.57,0,Occasional Buyers
1100,5,2973,594.6,0,Occasional Buyers
1101,3,2089,696.33,1,Rare Buyers
1102,4,1785,446.25,1,Rare Buyers
1103,3,2624,874.67,3,Frequent Buyers
1104,5,2830,566.0,0,Occasional Buyers
1105,7,5515,787.86,0,Occasional Buyers
1106,10,9338,933.8,2,High Spenders
1107,3,1947,649.0,1,Rare Buyers
1108,9,6436,715.11,2,High Spenders
1109,7,4798,685.43,0,Occasional Buyers
1110,5,2163,432.6,1,Rare Buyers
1111,8,5952,744.0,2,High Spenders
1112,8,4963,620.38,0,Occasional Buyers
1113,10,7698,769.8,2,High Spenders
1114,5,995,199.0,1,Rare Buyers
1115,3,1111,370.33,1,Rare Buyers
1116,4,5019,1254.75,3,Frequent Buyers
1117,3,1800,600.0,1,Rare Buyers
1118,4,1876,469.0,1,Rare Buyers
1119,4,4830,1207.5,3,Frequent Buyers
1120,6,4475,745.83,0,Occasional Buyers
1121,3,3395,1131.67,3,Frequent Buyers
1122,5,6339,1267.8,3,Frequent Buyers
1123,5,5778,1155.6,3,Frequent Buyers
1124,4,2705,676.25,1,Rare Buyers
1125,8,3831,478.88,0,Occasional Buyers
1126,3,2300,766.67,1,Rare Buyers
1127,5,3576,715.2,0,Occasional Buyers
1128,9,7329,814.33,2,High Spenders
1129,6,4232,705.33,0,Occasional Buyers
1130,4,885,221.25,1,Rare Buyers
1131,3,1760,586.67,1,Rare Buyers
1132,7,2310,330.0,0,Occasional Buyers
1133,5,4784,956.8,3,Frequent Buyers
1134,5,4713,942.6,3,Frequent Buyers
1135,7,4390,627.14,0,Occasional Buyers
1136,3,1120,373.33,1,Rare Buyers
1137,2,1770,885.0,1,Rare Buyers
1138,8,6315,789.38,2,High Spenders
1139,1,480,480.0,1,Rare Buyers
1140,4,2300,575.0,1,Rare Buyers
1141,5,2195,439.0,1,Rare Buyers
1142,9,10348,1149.78,2,High Spenders
1143,3,2231,743.67,1,Rare Buyers
1144,3,1710,570.0,1,Rare Buyers
1145,2,380,190.0,1,Rare Buyers
1146,7,4543,649.0,0,Occasional Buyers
1147,6,4740,790.0,0,Occasional Buyers
1148,3,2058,686.0,1,Rare Buyers
1149,7,3425,489.29,0,Occasional Buyers
1150,7,4846,692.29,0,Occasional Buyers
1151,11,5775,525.0,2,High Spenders
1152,3,2110,703.33,1,Rare Buyers
1153,8,3413,426.62,0,Occasional Buyers
1154,8,5790,723.75,2,High Spenders
1155,4,3826,956.5,3,Frequent Buyers
1156,3,3570,1190.0,3,Frequent Buyers
1157,9,6079,675.44,2,High Spenders
1158,4,2656,664.0,1,Rare Buyers
1159,8,5344,668.0,0,Occasional Buyers
1160,6,4650,775.0,0,Occasional Buyers
1161,7,6509,929.86,2,High Spenders
1162,7,2500,357.14,0,Occasional Buyers
1163,1,270,270.0,1,Rare Buyers
1164,4,1060,265.0,1,Rare Buyers
1165,4,2230,557.5,1,Rare Buyers
1166,10,9465,946.5,2,High Spenders
1167,6,5103,850.5,0,Occasional Buyers
1168,5,1580,316.0,1,Rare Buyers
1169,5,4245,849.0,0,Occasional Buyers
1170,8,4663,582.88,0,Occasional Buyers
1171,3,585,195.0,1,Rare Buyers
1172,6,4290,715.0,0,Occasional Buyers
1173,3,2725,908.33,3,Frequent Buyers
1174,8,4990,623.75,0,Occasional Buyers
1175,4,2682,670.5,1,Rare Buyers
1176,6,3216,536.0,0,Occasional Buyers
1177,8,6802,850.25,2,High Spenders
1178,2,1840,920.0,1,Rare Buyers
1179,5,2370,474.0,1,Rare Buyers
1180,3,2885,961.67,3,Frequent Buyers
1181,5,4938,987.6,3,Frequent Buyers
1182,9,5710,634.44,2,High Spenders
1183,6,4737,789.5,0,Occasional Buyers
1184,5,3790,758.0,0,Occasional Buyers
1185,5,3700,740.0,0,Occasional Buyers
1186,9,6540,726.67,2,High Spenders
1187,4,4810,1202.5,3,Frequent Buyers
1188,3,2185,728.33,1,Rare Buyers
1189,5,3390,678.0,0,Occasional Buyers
1190,3,3580,1193.33,3,Frequent Buyers
1191,14,12743,910.21,2,High Spenders
1192,6,2806,467.67,0,Occasional Buyers
1193,5,3670,734.0,0,Occasional Buyers
1194,5,3596,719.2,0,Occasional Buyers
1195,8,2979,372.38,0,Occasional Buyers
1196,6,5253,875.5,0,Occasional Buyers
1197,4,2058,514.5,1,Rare Buyers
1198,9,8302,922.44,2,High Spenders
1199,8,7031,878.88,2,High Spenders
1200,7,7708,1101.14,2,High Spenders
1201,1,40,40.0,1,Rare Buyers
1202,8,6125,765.62,2,High Spenders
1203,10,4846,484.6,2,High Spenders
1204,8,4703,587.88,0,Occasional Buyers
1205,4,1310,327.5,1,Rare Buyers
1206,10,8072,807.2,2,High Spenders
1207,5,2791,558.2,1,Rare Buyers
1208,9,11405,1267.22,2,High Spenders
1209,9,4379,486.56,0,Occasional Buyers
1210,6,3099,516.5,0,Occasional Buyers
1211,5,3078,615.6,0,Occasional Buyers
1212,5,5145,1029.0,3,Frequent Buyers
1213,5,3499,699.8,0,Occasional Buyers
1214,4,3815,953.75,3,Frequent Buyers
1215,6,3015,502.5,0,Occasional Buyers
1216,3,2330,776.67,1,Rare Buyers
1217,6,4478,746.33,0,Occasional Buyers
1218,10,7284,728.4,2,High Spenders
1219,4,2125,531.25,1,Rare Buyers
1220,4,3795,948.75,3,Frequent Buyers
1221,3,2550,850.0,1,Rare Buyers
1222,5,3230,646.0,0,Occasional Buyers
1223,6,5225,870.83,0,Occasional Buyers
1224,9,6371,707.89,2,High Spenders
1225,5,5508,1101.6,3,Frequent Buyers
1226,8,7860,982.5,2,High Spenders
1227,3,1315,438.33,1,Rare Buyers
1228,7,5150,735.71,0,Occasional Buyers
1229,10,9036,903.6,2,High Spenders
1230,4,3810,952.5,3,Frequent Buyers
1231,1,296,296.0,1,Rare Buyers
1232,6,4694,782.33,0,Occasional Buyers
1233,5,2950,590.0,0,Occasional Buyers
1234,7,7433,1061.86,2,High Spenders
1235,4,2940,735.0,1,Rare Buyers
1236,5,4629,925.8,3,Frequent Buyers
1237,6,3273,545.5,0,Occasional Buyers
1238,4,4160,1040.0,3,Frequent Buyers
1239,8,5049,631.12,0,Occasional Buyers
1240,9,4571,507.89,0,Occasional Buyers
1241,4,3325,831.25,0,Occasional Buyers
1242,7,7100,1014.29,2,High Spenders
1243,8,4776,597.0,0,Occasional Buyers
1244,4,2385,596.25,1,Rare Buyers
1245,3,1258,419.33,1,Rare Buyers
1246,4,3715,928.75,3,Frequent Buyers
1247,6,4965,827.5,0,Occasional Buyers
1248,6,4000,666.67,0,Occasional Buyers
1249,6,3706,617.67,0,Occasional Buyers
1250,2,1770,885.0,1,Rare Buyers
1251,4,2203,550.75,1,Rare Buyers
1252,4,2045,511.25,1,Rare Buyers
1253,3,2650,883.33,3,Frequent Buyers
1254,11,6494,590.36,2,High Spenders
1255,5,1760,352.0,1,Rare Buyers
1256,4,4345,1086.25,3,Frequent Buyers
1257,6,4635,772.5,0,Occasional Buyers
1258,7,4839,691.29,0,Occasional Buyers
1259,6,4023,670.5,0,Occasional Buyers
1260,7,5679,811.29,0,Occasional Buyers
1261,4,2134,533.5,1,Rare Buyers
1262,6,3611,601.83,0,Occasional Buyers
1263,7,6254,893.43,2,High Spenders
1264,4,4865,1216.25,3,Frequent Buyers
1265,5,1700,340.0,1,Rare Buyers
1266,7,4691,670.14,0,Occasional Buyers
1267,6,3766,627.67,0,Occasional Buyers
1268,6,4228,704.67,0,Occasional Buyers
1269,5,4730,946.0,3,Frequent Buyers
1270,5,1720,344.0,1,Rare Buyers
1271,8,6239,779.88,2,High Spenders
1272,4,3165,791.25,0,Occasional Buyers
1273,3,1285,428.33,1,Rare Buyers
1274,2,330,165.0,1,Rare Buyers
1275,5,5765,1153.0,3,Frequent Buyers
1276,6,5265,877.5,0,Occasional Buyers
1277,9,7330,814.44,2,High Spenders
1278,4,1875,468.75,1,Rare Buyers
1279,4,3630,907.5,3,Frequent Buyers
1280,5,6169,1233.8,3,Frequent Buyers
1281,3,2704,901.33,3,Frequent Buyers
1282,4,3885,971.25,3,Frequent Buyers
1283,5,5201,1040.2,3,Frequent Buyers
1284,3,2275,758.33,1,Rare Buyers
1285,6,2986,497.67,0,Occasional Buyers
1286,3,520,173.33,1,Rare Buyers
1287,3,1285,428.33,1,Rare Buyers
1288,8,8475,1059.38,2,High Spenders
1289,2,835,417.5,1,Rare Buyers
1290,7,3681,525.86,0,Occasional Buyers
1291,6,5466,911.0,0,Occasional Buyers
1292,9,5444,604.89,2,High Spenders
1293,7,4578,654.0,0,Occasional Buyers
1294,5,3975,795.0,0,Occasional Buyers
1295,9,7812,868.0,2,High Spenders
1296,7,6389,912.71,2,High Spenders
1297,4,3005,751.25,1,Rare Buyers
1298,5,3623,724.6,0,Occasional Buyers
1299,6,3833,638.83,0,Occasional Buyers
1300,4,4126,1031.5,3,Frequent Buyers
1301,6,11190,1865.0,3,Frequent Buyers
1302,5,6360,1272.0,3,Frequent Buyers
1303,6,2894,482.33,0,Occasional Buyers
1304,2,1353,676.5,1,Rare Buyers
1305,3,606,202.0,1,Rare Buyers
1306,4,2305,576.25,1,Rare Buyers
1307,6,4048,674.67,0,Occasional Buyers
1308,6,3110,518.33,0,Occasional Buyers
1309,4,2125,531.25,1,Rare Buyers
1310,10,10593,1059.3,2,High Spenders
1311,6,3785,630.83,0,Occasional Buyers
1312,4,2213,553.25,1,Rare Buyers
1313,5,2551,510.2,1,Rare Buyers
1314,5,2244,448.8,1,Rare Buyers
1315,3,980,326.67,1,Rare Buyers
1316,6,4873,812.17,0,Occasional Buyers
1317,10,9019,901.9,2,High Spenders
1318,3,1226,408.67,1,Rare Buyers
1319,7,5981,854.43,2,High Spenders
1320,5,4245,849.0,0,Occasional Buyers
1321,9,5625,625.0,2,High Spenders
1322,4,1115,278.75,1,Rare Buyers
1323,7,5961,851.57,2,High Spenders
1324,4,2665,666.25,1,Rare Buyers
1325,7,4960,708.57,0,Occasional Buyers
1326,3,2930,976.67,3,Frequent Buyers
1327,2,2461,1230.5,3,Frequent Buyers
1328,1,870,870.0,1,Rare Buyers
1329,7,4698,671.14,0,Occasional Buyers
1330,4,5018,1254.5,3,Frequent Buyers
1332,6,4011,668.5,0,Occasional Buyers
1333,1,620,620.0,1,Rare Buyers
1335,3,1650,550.0,1,Rare Buyers
1336,7,6235,890.71,2,High Spenders
1337,2,2465,1232.5,3,Frequent Buyers
1338,9,11195,1243.89,2,High Spenders
1339,8,9601,1200.12,2,High Spenders
1340,4,2825,706.25,1,Rare Buyers
1341,3,2458,819.33,1,Rare Buyers
1342,5,4340,868.0,0,Occasional Buyers
1343,5,4890,978.0,3,Frequent Buyers
1344,7,4909,701.29,0,Occasional Buyers
1345,3,2001,667.0,1,Rare Buyers
1346,6,5160,860.0,0,Occasional Buyers
1347,6,3570,595.0,0,Occasional Buyers
1348,7,5500,785.71,0,Occasional Buyers
1349,5,2954,590.8,0,Occasional Buyers
1350,7,6254,893.43,2,High Spenders
1351,5,4810,962.0,3,Frequent Buyers
1352,6,5090,848.33,0,Occasional Buyers
1353,8,6392,799.0,2,High Spenders
1354,6,6355,1059.17,3,Frequent Buyers
1355,3,7060,2353.33,3,Frequent Buyers
1356,5,3480,696.0,0,Occasional Buyers
1357,9,9044,1004.89,2,High Spenders
1358,2,1345,672.5,1,Rare Buyers
1359,9,9069,1007.67,2,High Spenders
1360,3,1225,408.33,1,Rare Buyers
1361,6,6323,1053.83,3,Frequent Buyers
1362,4,2876,719.0,1,Rare Buyers
1363,9,6813,757.0,2,High Spenders
1364,8,4752,594.0,0,Occasional Buyers
1365,5,3457,691.4,0,Occasional Buyers
1366,1,850,850.0,1,Rare Buyers
1367,5,3178,635.6,0,Occasional Buyers
1368,3,1885,628.33,1,Rare Buyers
1369,8,6213,776.62,2,High Spenders
1370,2,858,429.0,1,Rare Buyers
1371,7,5557,793.86,0,Occasional Buyers
1372,6,3760,626.67,0,Occasional Buyers
1373,6,4055,675.83,0,Occasional Buyers
1374,7,6339,905.57,2,High Spenders
1375,5,1855,371.0,1,Rare Buyers
1376,9,5463,607.0,2,High Spenders
1377,6,4344,724.0,0,Occasional Buyers
1378,4,2788,697.0,1,Rare Buyers
1379,11,9163,833.0,2,High Spenders
1380,1,836,836.0,1,Rare Buyers
1381,4,3978,994.5,3,Frequent Buyers
1382,5,3700,740.0,0,Occasional Buyers
1383,8,7514,939.25,2,High Spenders
1384,5,4670,934.0,3,Frequent Buyers
1385,6,2874,479.0,0,Occasional Buyers
1386,8,4934,616.75,0,Occasional Buyers
1387,5,4991,998.2,3,Frequent Buyers
1388,7,6330,904.29,2,High Spenders
1389,8,5105,638.12,0,Occasional Buyers
1390,6,4732,788.67,0,Occasional Buyers
1391,5,4105,821.0,0,Occasional Buyers
1392,7,6182,883.14,2,High Spenders
1393,8,8953,1119.12,2,High Spenders
1394,4,3372,843.0,3,Frequent Buyers
1395,4,4665,1166.25,3,Frequent Buyers
1396,2,2500,1250.0,3,Frequent Buyers
1397,7,7151,1021.57,2,High Spenders
1398,11,8157,741.55,2,High Spenders
1399,4,3365,841.25,3,Frequent Buyers
1400,1,980,980.0,1,Rare Buyers
1401,4,4095,1023.75,3,Frequent Buyers
1402,8,4730,591.25,0,Occasional Buyers
1403,7,4420,631.43,0,Occasional Buyers
1404,10,6365,636.5,2,High Spenders
1405,7,6913,987.57,2,High Spenders
1406,5,3360,672.0,0,Occasional Buyers
1407,8,6371,796.38,2,High Spenders
1408,6,2298,383.0,1,Rare Buyers
1409,4,3506,876.5,3,Frequent Buyers
1410,3,2950,983.33,3,Frequent Buyers
1411,7,3910,558.57,0,Occasional Buyers
1412,6,3927,654.5,0,Occasional Buyers
1413,5,3600,720.0,0,Occasional Buyers
1414,2,560,280.0,1,Rare Buyers
1415,5,2606,521.2,1,Rare Buyers
1416,7,4050,578.57,0,Occasional Buyers
1417,7,2430,347.14,0,Occasional Buyers
1418,2,1048,524.0,1,Rare Buyers
1419,8,6529,816.12,2,High Spenders
1420,2,2233,1116.5,3,Frequent Buyers
1421,5,2958,591.6,0,Occasional Buyers
1422,7,4374,624.86,0,Occasional Buyers
1423,12,7035,586.25,2,High Spenders
1424,3,2735,911.67,3,Frequent Buyers
1425,9,7550,838.89,2,High Spenders
1426,7,4039,577.0,0,Occasional Buyers
1427,3,4115,1371.67,3,Frequent Buyers
1428,7,6378,911.14,2,High Spenders
1429,3,1338,446.0,1,Rare Buyers
1430,7,3809,544.14,0,Occasional Buyers
1431,7,2890,412.86,0,Occasional Buyers
1432,5,3630,726.0,0,Occasional Buyers
1433,5,3500,700.0,0,Occasional Buyers
1434,7,6363,909.0,2,High Spenders
1435,2,1415,707.5,1,Rare Buyers
1436,4,3016,754.0,1,Rare Buyers
1437,4,2303,575.75,1,Rare Buyers
1438,6,4750,791.67,0,Occasional Buyers
1439,7,5569,795.57,0,Occasional Buyers
1440,10,5694,569.4,2,High Spenders
1441,1,60,60.0,1,Rare Buyers
1442,5,5511,1102.2,3,Frequent Buyers
1443,7,5812,830.29,2,High Spenders
1444,11,4575,415.91,2,High Spenders
1445,6,5870,978.33,3,Frequent Buyers
1446,9,7175,797.22,2,High Spenders
1447,9,7328,814.22,2,High Spenders
1448,5,7122,1424.4,3,Frequent Buyers
1449,4,3596,899.0,3,Frequent Buyers
1450,7,3139,448.43,0,Occasional Buyers
1451,6,3265,544.17,0,Occasional Buyers
1452,6,1850,308.33,1,Rare Buyers
1453,7,5471,781.57,0,Occasional Buyers
1454,7,6248,892.57,2,High Spenders
1455,2,3260,1630.0,3,Frequent Buyers
1456,2,2550,1275.0,3,Frequent Buyers
1457,1,120,120.0,1,Rare Buyers
1458,5,4723,944.6,3,Frequent Buyers
1459,12,11435,952.92,2,High Spenders
1460,5,3591,718.2,0,Occasional Buyers
1461,5,4372,874.4,0,Occasional Buyers
1462,5,3780,756.0,0,Occasional Buyers
1463,6,2764,460.67,0,Occasional Buyers
1464,4,2035,508.75,1,Rare Buyers
1465,4,3090,772.5,0,Occasional Buyers
1466,6,6140,1023.33,3,Frequent Buyers
1467,8,4124,515.5,0,Occasional Buyers
1468,5,2475,495.0,1,Rare Buyers
1469,7,5869,838.43,2,High Spenders
1470,5,5075,1015.0,3,Frequent Buyers
1471,3,4730,1576.67,3,Frequent Buyers
1472,4,2870,717.5,1,Rare Buyers
1473,3,2565,855.0,1,Rare Buyers
1474,9,6734,748.22,2,High Spenders
1475,6,3871,645.17,0,Occasional Buyers
1476,8,5046,630.75,0,Occasional Buyers
1477,4,3246,811.5,0,Occasional Buyers
1478,10,8717,871.7,2,High Spenders
1479,4,3380,845.0,3,Frequent Buyers
1480,13,8038,618.31,2,High Spenders
1481,5,1178,235.6,1,Rare Buyers
1482,3,2479,826.33,1,Rare Buyers
1483,4,3504,876.0,3,Frequent Buyers
1484,3,2390,796.67,1,Rare Buyers
1485,3,885,295.0,1,Rare Buyers
1486,10,5545,554.5,2,High Spenders
1487,3,1221,407.0,1,Rare Buyers
1488,5,3050,610.0,0,Occasional Buyers
1489,9,10865,1207.22,2,High Spenders
1490,7,8291,1184.43,2,High Spenders
1491,5,5419,1083.8,3,Frequent Buyers
1492,5,4435,887.0,3,Frequent Buyers
1493,7,4334,619.14,0,Occasional Buyers
1494,7,4649,664.14,0,Occasional Buyers
1495,2,2841,1420.5,3,Frequent Buyers
1496,7,5528,789.71,0,Occasional Buyers
1497,8,7421,927.62,2,High Spenders
1498,5,3842,768.4,0,Occasional Buyers
1499,9,8382,931.33,2,High Spenders
1500,5,3930,786.0,0,Occasional Buyers
